uf,perdas
AC,0.08
AL,0.09
AP,0.1
AM,0.11
BA,0.12
CE,0.13
DF,0.14
ES,0.15
GO,0.16
MA,0.17
MT,0.18
MS,0.19
MG,0.21
PA,0.22
PB,0.23
PR,0.24000000000000002
PE,0.25
PI,0.26
RJ,0.27
RN,0.28
RS,0.29000000000000004
RO,0.30000000000000004
RR,
SC,
SP,
SE,
TO,